-- liiku — Pilot-Seed "Last Soul Ultra Live '26" (LSU)
-- ACHTUNG: ANONYMISIERTE PLATZHALTER. Keine echten Personendaten / Mobilnummern / Tagessaetze.
-- Die echte Stabliste (LSU-0001) wird spaeter direkt im Supabase-Projekt eingespielt.
-- Laeuft als service_role (db reset / SQL-Editor) -> RLS wird umgangen.

-- ----- ORG (Mandant) -----
insert into org (id, name) values
  ('11111111-1111-1111-1111-111111111111', 'bsp')
on conflict (id) do nothing;

-- ----- PERSONEN (globaler Pool, Platzhalter) -----
insert into person (id, name, kuerzel, email, mobil, skills) values
  ('a0000000-0000-0000-0000-000000000001','Disponent Demo','DD','dispo@example.test','+49 000 0000001','{dispo,planung}'),
  ('a0000000-0000-0000-0000-000000000002','Lead Media Demo','LM','lead.media@example.test','+49 000 0000002','{regie,media}'),
  ('a0000000-0000-0000-0000-000000000003','Crew Kamera A','KA','kamera.a@example.test','+49 000 0000003','{kamera}'),
  ('a0000000-0000-0000-0000-000000000004','Crew Kamera B','KB','kamera.b@example.test','+49 000 0000004','{kamera}'),
  ('a0000000-0000-0000-0000-000000000005','Crew Ton A','TA','ton.a@example.test','+49 000 0000005','{ton}'),
  ('a0000000-0000-0000-0000-000000000006','Crew Safety A','SA','safety.a@example.test','+49 000 0000006','{safety}'),
  ('a0000000-0000-0000-0000-000000000007','Crew Technik A','EA','technik.a@example.test','+49 000 0000007','{technik}'),
  ('a0000000-0000-0000-0000-000000000008','Admin Demo','AD','admin@example.test','+49 000 0000008','{admin}')
on conflict (id) do nothing;

-- ----- MEMBERSHIP (person x org x rolle) -----
insert into membership (person_id, org_id, rolle, typ, tagessatz) values
  ('a0000000-0000-0000-0000-000000000008','11111111-1111-1111-1111-111111111111','admin','intern', null),
  ('a0000000-0000-0000-0000-000000000001','11111111-1111-1111-1111-111111111111','disponent','intern', null),
  ('a0000000-0000-0000-0000-000000000002','11111111-1111-1111-1111-111111111111','lead','freelance', 0),
  ('a0000000-0000-0000-0000-000000000003','11111111-1111-1111-1111-111111111111','crew','freelance', 0),
  ('a0000000-0000-0000-0000-000000000004','11111111-1111-1111-1111-111111111111','crew','freelance', 0),
  ('a0000000-0000-0000-0000-000000000005','11111111-1111-1111-1111-111111111111','crew','freelance', 0),
  ('a0000000-0000-0000-0000-000000000006','11111111-1111-1111-1111-111111111111','crew','lokal', 0),
  ('a0000000-0000-0000-0000-000000000007','11111111-1111-1111-1111-111111111111','crew','volunteer', null)
on conflict (person_id, org_id) do nothing;

-- ----- PROJEKT -----
insert into projekt (id, org_id, typ, name, client, projektnr, start_datum, end_datum, set_handy, hinweise) values
  ('22222222-2222-2222-2222-222222222222','11111111-1111-1111-1111-111111111111','live',
   'Last Soul Ultra Live ''26', 'Last Soul Ultra', 'LSU-0001',
   '2026-08-14','2026-08-18', '+49 000 0009999',
   'Pilot. 24h-Dauerbetrieb mit rotierenden Schichten.')
on conflict (id) do nothing;

-- ----- LOCATION -----
insert into location (id, org_id, projekt_id, name, adresse, krankenhaus, notizen) values
  ('33333333-3333-3333-3333-333333333331','11111111-1111-1111-1111-111111111111','22222222-2222-2222-2222-222222222222',
   'Compound / OB-Bereich', 'Platzhalter-Adresse', 'naechstes Krankenhaus: Platzhalter', 'Haupt-Setpoint')
on conflict (id) do nothing;

-- ----- DEPARTMENTS -----
insert into department (id, org_id, projekt_id, name, sortierung) values
  ('44444444-0000-0000-0000-000000000001','11111111-1111-1111-1111-111111111111','22222222-2222-2222-2222-222222222222','Media',1),
  ('44444444-0000-0000-0000-000000000002','11111111-1111-1111-1111-111111111111','22222222-2222-2222-2222-222222222222','Technik',2),
  ('44444444-0000-0000-0000-000000000003','11111111-1111-1111-1111-111111111111','22222222-2222-2222-2222-222222222222','Safety',3),
  ('44444444-0000-0000-0000-000000000004','11111111-1111-1111-1111-111111111111','22222222-2222-2222-2222-222222222222','Programm',4)
on conflict (id) do nothing;

-- ----- SCHICHTBLOECKE (tagesgebunden: Beispieltag 2026-08-15; Frueh / Spaet / Nacht) -----
insert into schichtblock (id, org_id, projekt_id, tag, label, start_zeit, ende_zeit, farbe, sortierung) values
  ('55555555-0000-0000-0000-000000000001','11111111-1111-1111-1111-111111111111','22222222-2222-2222-2222-222222222222','2026-08-15','Frueh','05:30','14:00','#3b82f6',1),
  ('55555555-0000-0000-0000-000000000002','11111111-1111-1111-1111-111111111111','22222222-2222-2222-2222-222222222222','2026-08-15','Spaet','13:30','22:00','#f59e0b',2),
  ('55555555-0000-0000-0000-000000000003','11111111-1111-1111-1111-111111111111','22222222-2222-2222-2222-222222222222','2026-08-15','Nacht','21:30','06:00','#ef4444',3)
on conflict (id) do nothing;

-- ----- POSITIONEN (Platzhalter-Mapping; finales Rollen-Mapping steht noch aus) -----
insert into position (id, org_id, projekt_id, department_id, location_id, label, besetzung, sortierung) values
  ('66666666-0000-0000-0000-000000000001','11111111-1111-1111-1111-111111111111','22222222-2222-2222-2222-222222222222','44444444-0000-0000-0000-000000000001','33333333-3333-3333-3333-333333333331','Kamera K1','person',1),
  ('66666666-0000-0000-0000-000000000002','11111111-1111-1111-1111-111111111111','22222222-2222-2222-2222-222222222222','44444444-0000-0000-0000-000000000001','33333333-3333-3333-3333-333333333331','Kamera K2','person',2),
  ('66666666-0000-0000-0000-000000000003','11111111-1111-1111-1111-111111111111','22222222-2222-2222-2222-222222222222','44444444-0000-0000-0000-000000000001','33333333-3333-3333-3333-333333333331','Ton','person',3),
  ('66666666-0000-0000-0000-000000000004','11111111-1111-1111-1111-111111111111','22222222-2222-2222-2222-222222222222','44444444-0000-0000-0000-000000000002','33333333-3333-3333-3333-333333333331','Technik / EVT','person',4),
  ('66666666-0000-0000-0000-000000000005','11111111-1111-1111-1111-111111111111','22222222-2222-2222-2222-222222222222','44444444-0000-0000-0000-000000000003','33333333-3333-3333-3333-333333333331','Safety Posten 1','person',5),
  ('66666666-0000-0000-0000-000000000006','11111111-1111-1111-1111-111111111111','22222222-2222-2222-2222-222222222222','44444444-0000-0000-0000-000000000003','33333333-3333-3333-3333-333333333331','Safety Posten 2','offen',6)
on conflict (id) do nothing;

-- ----- SCHICHTEN (Beispiel-Assignments fuer Fr 15.08., zeigt Rotation Frueh/Spaet/Nacht) -----
insert into schicht (org_id, projekt_id, person_id, position_id, schichtblock_id, location_id, tag, typ, bestaetigt) values
  ('11111111-1111-1111-1111-111111111111','22222222-2222-2222-2222-222222222222','a0000000-0000-0000-0000-000000000003','66666666-0000-0000-0000-000000000001','55555555-0000-0000-0000-000000000001','33333333-3333-3333-3333-333333333331','2026-08-15','arbeit',true),
  ('11111111-1111-1111-1111-111111111111','22222222-2222-2222-2222-222222222222','a0000000-0000-0000-0000-000000000004','66666666-0000-0000-0000-000000000001','55555555-0000-0000-0000-000000000003','33333333-3333-3333-3333-333333333331','2026-08-15','nachtwache',false),
  ('11111111-1111-1111-1111-111111111111','22222222-2222-2222-2222-222222222222','a0000000-0000-0000-0000-000000000005','66666666-0000-0000-0000-000000000003','55555555-0000-0000-0000-000000000002','33333333-3333-3333-3333-333333333331','2026-08-15','arbeit',false),
  ('11111111-1111-1111-1111-111111111111','22222222-2222-2222-2222-222222222222','a0000000-0000-0000-0000-000000000007','66666666-0000-0000-0000-000000000004','55555555-0000-0000-0000-000000000001','33333333-3333-3333-3333-333333333331','2026-08-15','arbeit',false),
  ('11111111-1111-1111-1111-111111111111','22222222-2222-2222-2222-222222222222','a0000000-0000-0000-0000-000000000006','66666666-0000-0000-0000-000000000005','55555555-0000-0000-0000-000000000002','33333333-3333-3333-3333-333333333331','2026-08-15','standby',false);

-- ----- AUFGABE (Master-Ablaufplan, Beispiel) -----
insert into aufgabe (org_id, projekt_id, department_id, location_id, tag, start_zeit, ende_zeit, titel, status) values
  ('11111111-1111-1111-1111-111111111111','22222222-2222-2222-2222-222222222222','44444444-0000-0000-0000-000000000002','33333333-3333-3333-3333-333333333331','2026-08-14','08:00','12:00','OB-Aufbau / Verkabelung','offen'),
  ('11111111-1111-1111-1111-111111111111','22222222-2222-2222-2222-222222222222','44444444-0000-0000-0000-000000000001','33333333-3333-3333-3333-333333333331','2026-08-15','04:30','05:30','Kameracheck vor Frueh-Schicht','offen');
